[
  {
    "Name": "shareFile",
    "Method": "GET",
    "Path": "/share-file",
    "Controller" : "Sonnys/file-share/src/sharefile.ShareFile",
    "Template" : "ShareFile"
  },

  {
    "Name": "uploadFile",
    "Method": "POST",
    "Path": "/upload-file",
    "Controller" : "Sonnys/file-share/src/sharefile.UploadFile",
    "Template" : "ShareFile."
  },

  {
    "Name": "downloadFile",
    "Method": "GET",
    "Path": "/download-file",
    "Controller" : "DownloadFileAction",
    "Template" : "ShareFile."
  }
]



